,ChatGPT-4o,ChatGPT-o3,Claude3.7,DeepSeek(R1),Gemini-2.5-Pro-Preview-05-06,Grok3,Llama4,Mistral,Qwen3
ChatGPT-4o,1.0,0.125,0.125,0.23529411764705882,0.19230769230769232,0.21428571428571427,0.25,0.0,0.3333333333333333
ChatGPT-o3,0.125,1.0,0.08695652173913043,0.1875,0.20833333333333334,0.25,0.0,0.1111111111111111,0.2222222222222222
Claude3.7,0.125,0.08695652173913043,1.0,0.21739130434782608,0.22580645161290322,0.09090909090909091,0.047619047619047616,0.05555555555555555,0.10714285714285714
DeepSeek(R1),0.23529411764705882,0.1875,0.21739130434782608,1.0,0.3333333333333333,0.125,0.14285714285714285,0.18181818181818182,0.3157894736842105
Gemini-2.5-Pro-Preview-05-06,0.19230769230769232,0.20833333333333334,0.22580645161290322,0.3333333333333333,1.0,0.16666666666666666,0.04,0.045454545454545456,0.2962962962962963
Grok3,0.21428571428571427,0.25,0.09090909090909091,0.125,0.16666666666666666,1.0,0.2,0.0,0.23529411764705882
Llama4,0.25,0.0,0.047619047619047616,0.14285714285714285,0.04,0.2,1.0,0.16666666666666666,0.1875
Mistral,0.0,0.1111111111111111,0.05555555555555555,0.18181818181818182,0.045454545454545456,0.0,0.16666666666666666,1.0,0.14285714285714285
Qwen3,0.3333333333333333,0.2222222222222222,0.10714285714285714,0.3157894736842105,0.2962962962962963,0.23529411764705882,0.1875,0.14285714285714285,1.0
