,Claude3.7,DeepSeek(R1),Gemini-2.5-Pro-Preview-05-06,Llama4,Qwen3
Claude3.7,1.0,0.25,0.2857142857142857,0.08333333333333333,0.2727272727272727
DeepSeek(R1),0.25,1.0,0.18181818181818182,0.0,0.2857142857142857
Gemini-2.5-Pro-Preview-05-06,0.2857142857142857,0.18181818181818182,1.0,0.1,0.3333333333333333
Llama4,0.08333333333333333,0.0,0.1,1.0,0.16666666666666666
Qwen3,0.2727272727272727,0.2857142857142857,0.3333333333333333,0.16666666666666666,1.0
