,ChatGPT-4o,ChatGPT-o3,Claude3.7,DeepSeek(R1),Gemini-2.5-Pro-Preview-05-06,Grok3,Llama4,Mistral,Qwen3
ChatGPT-4o,1.0,0.11904761904761904,0.1,0.4166666666666667,0.043478260869565216,0.0967741935483871,0.13333333333333333,0.1111111111111111,0.07142857142857142
ChatGPT-o3,0.11904761904761904,1.0,0.0392156862745098,0.11627906976744186,0.1,0.16071428571428573,0.02127659574468085,0.025,0.12962962962962962
Claude3.7,0.1,0.0392156862745098,1.0,0.045454545454545456,0.0,0.02564102564102564,0.045454545454545456,0.14285714285714285,0.02857142857142857
DeepSeek(R1),0.4166666666666667,0.11627906976744186,0.045454545454545456,1.0,0.13636363636363635,0.16666666666666666,0.058823529411764705,0.0,0.14814814814814814
Gemini-2.5-Pro-Preview-05-06,0.043478260869565216,0.1,0.0,0.13636363636363635,1.0,0.13513513513513514,0.0,0.0,0.02702702702702703
Grok3,0.0967741935483871,0.16071428571428573,0.02564102564102564,0.16666666666666666,0.13513513513513514,1.0,0.06060606060606061,0.037037037037037035,0.17073170731707318
Llama4,0.13333333333333333,0.02127659574468085,0.045454545454545456,0.058823529411764705,0.0,0.06060606060606061,1.0,0.1,0.06896551724137931
Mistral,0.1111111111111111,0.025,0.14285714285714285,0.0,0.0,0.037037037037037035,0.1,1.0,0.043478260869565216
Qwen3,0.07142857142857142,0.12962962962962962,0.02857142857142857,0.14814814814814814,0.02702702702702703,0.17073170731707318,0.06896551724137931,0.043478260869565216,1.0
