,ChatGPT-4o,ChatGPT-o3,Claude3.7,DeepSeek(R1),Gemini-2.5-Pro-Preview-05-06,Grok3,Llama4,Mistral,Qwen3
ChatGPT-4o,1.0,0.18181818181818182,0.06896551724137931,0.05555555555555555,0.10526315789473684,0.037037037037037035,0.25,0.0,0.1
ChatGPT-o3,0.18181818181818182,1.0,0.05128205128205128,0.03571428571428571,0.14814814814814814,0.1875,0.08695652173913043,0.0,0.18518518518518517
Claude3.7,0.06896551724137931,0.05128205128205128,1.0,0.0967741935483871,0.2857142857142857,0.04878048780487805,0.034482758620689655,0.041666666666666664,0.08823529411764706
DeepSeek(R1),0.05555555555555555,0.03571428571428571,0.0967741935483871,1.0,0.14285714285714285,0.03333333333333333,0.058823529411764705,0.0,0.13636363636363635
Gemini-2.5-Pro-Preview-05-06,0.10526315789473684,0.14814814814814814,0.2857142857142857,0.14285714285714285,1.0,0.1,0.05263157894736842,0.0,0.22727272727272727
Grok3,0.037037037037037035,0.1875,0.04878048780487805,0.03333333333333333,0.1,1.0,0.125,0.1,0.0967741935483871
Llama4,0.25,0.08695652173913043,0.034482758620689655,0.058823529411764705,0.05263157894736842,0.125,1.0,0.2857142857142857,0.10526315789473684
Mistral,0.0,0.0,0.041666666666666664,0.0,0.0,0.1,0.2857142857142857,1.0,0.0
Qwen3,0.1,0.18518518518518517,0.08823529411764706,0.13636363636363635,0.22727272727272727,0.0967741935483871,0.10526315789473684,0.0,1.0
