,ChatGPT-4o,ChatGPT-o3,Claude3.7,DeepSeek(R1),Gemini-2.5-Pro-Preview-05-06,Grok3,Llama4,Mistral,Qwen3
ChatGPT-4o,1.0,0.09090909090909091,0.1111111111111111,0.2857142857142857,0.1,0.14285714285714285,0.3333333333333333,0.5,0.3333333333333333
ChatGPT-o3,0.09090909090909091,1.0,0.2,0.13333333333333333,0.11764705882352941,0.23076923076923078,0.2,0.1,0.2
Claude3.7,0.1111111111111111,0.2,1.0,0.25,0.21428571428571427,0.16666666666666666,0.25,0.125,0.25
DeepSeek(R1),0.2857142857142857,0.13333333333333333,0.25,1.0,0.23076923076923078,0.18181818181818182,0.2857142857142857,0.14285714285714285,0.2857142857142857
Gemini-2.5-Pro-Preview-05-06,0.1,0.11764705882352941,0.21428571428571427,0.23076923076923078,1.0,0.15384615384615385,0.2222222222222222,0.1111111111111111,0.2222222222222222
Grok3,0.14285714285714285,0.23076923076923078,0.16666666666666666,0.18181818181818182,0.15384615384615385,1.0,0.3333333333333333,0.16666666666666666,0.3333333333333333
Llama4,0.3333333333333333,0.2,0.25,0.2857142857142857,0.2222222222222222,0.3333333333333333,1.0,0.5,1.0
Mistral,0.5,0.1,0.125,0.14285714285714285,0.1111111111111111,0.16666666666666666,0.5,1.0,0.5
Qwen3,0.3333333333333333,0.2,0.25,0.2857142857142857,0.2222222222222222,0.3333333333333333,1.0,0.5,1.0
