,ChatGPT-4o,ChatGPT-o3,Claude3.7,DeepSeek(R1),Gemini-2.5-Pro-Preview-05-06,Grok3,Llama4,Mistral,Qwen3
ChatGPT-4o,1.0,0.15789473684210525,0.13636363636363635,0.15,0.14285714285714285,0.15384615384615385,0.3,0.09090909090909091,0.23809523809523808
ChatGPT-o3,0.15789473684210525,1.0,0.19230769230769232,0.20833333333333334,0.2,0.125,0.05555555555555555,0.0,0.28
Claude3.7,0.13636363636363635,0.19230769230769232,1.0,0.23076923076923078,0.2692307692307692,0.14705882352941177,0.047619047619047616,0.0,0.20689655172413793
DeepSeek(R1),0.15,0.20833333333333334,0.23076923076923078,1.0,0.4090909090909091,0.23333333333333334,0.0,0.05555555555555555,0.32
Gemini-2.5-Pro-Preview-05-06,0.14285714285714285,0.2,0.2692307692307692,0.4090909090909091,1.0,0.11764705882352941,0.0,0.0,0.21428571428571427
Grok3,0.15384615384615385,0.125,0.14705882352941177,0.23333333333333334,0.11764705882352941,1.0,0.08,0.08333333333333333,0.17647058823529413
Llama4,0.3,0.05555555555555555,0.047619047619047616,0.0,0.0,0.08,1.0,0.125,0.09523809523809523
Mistral,0.09090909090909091,0.0,0.0,0.05555555555555555,0.0,0.08333333333333333,0.125,1.0,0.047619047619047616
Qwen3,0.23809523809523808,0.28,0.20689655172413793,0.32,0.21428571428571427,0.17647058823529413,0.09523809523809523,0.047619047619047616,1.0
