,ChatGPT-4o,ChatGPT-o3,Claude3.7,DeepSeek(R1),Gemini-2.5-Pro-Preview-05-06,Grok3,Llama4,Mistral,Qwen3
ChatGPT-4o,1.0,0.6666666666666666,0.038461538461538464,0.125,0.1111111111111111,0.125,0.16666666666666666,0.14285714285714285,0.14285714285714285
ChatGPT-o3,0.6666666666666666,1.0,0.0,0.0,0.1111111111111111,0.125,0.16666666666666666,0.14285714285714285,0.0
Claude3.7,0.038461538461538464,0.0,1.0,0.04,0.038461538461538464,0.04,0.0,0.041666666666666664,0.08695652173913043
DeepSeek(R1),0.125,0.0,0.04,1.0,0.0,0.0,0.0,0.0,0.16666666666666666
Gemini-2.5-Pro-Preview-05-06,0.1111111111111111,0.1111111111111111,0.038461538461538464,0.0,1.0,0.0,0.0,0.0,0.0
Grok3,0.125,0.125,0.04,0.0,0.0,1.0,0.0,0.4,0.16666666666666666
Llama4,0.16666666666666666,0.16666666666666666,0.0,0.0,0.0,0.0,1.0,0.25,0.0
Mistral,0.14285714285714285,0.14285714285714285,0.041666666666666664,0.0,0.0,0.4,0.25,1.0,0.2
Qwen3,0.14285714285714285,0.0,0.08695652173913043,0.16666666666666666,0.0,0.16666666666666666,0.0,0.2,1.0
