,ChatGPT-4o,ChatGPT-o3,Claude3.7,DeepSeek(R1),Gemini-2.5-Pro-Preview-05-06,Grok3,Llama4,Mistral,Qwen3
ChatGPT-4o,1.0,0.11764705882352941,0.28,0.07692307692307693,0.1282051282051282,0.23076923076923078,0.1875,0.06666666666666667,0.21739130434782608
ChatGPT-o3,0.11764705882352941,1.0,0.13513513513513514,0.05555555555555555,0.125,0.16666666666666666,0.07407407407407407,0.0,0.11764705882352941
Claude3.7,0.28,0.13513513513513514,1.0,0.06666666666666667,0.17073170731707318,0.2857142857142857,0.21052631578947367,0.1111111111111111,0.3333333333333333
DeepSeek(R1),0.07692307692307693,0.05555555555555555,0.06666666666666667,1.0,0.047619047619047616,0.06666666666666667,0.11764705882352941,0.0,0.07692307692307693
Gemini-2.5-Pro-Preview-05-06,0.1282051282051282,0.125,0.17073170731707318,0.047619047619047616,1.0,0.2,0.06060606060606061,0.0,0.1
Grok3,0.23076923076923078,0.16666666666666666,0.2857142857142857,0.06666666666666667,0.2,1.0,0.21052631578947367,0.05263157894736842,0.23076923076923078
Llama4,0.1875,0.07407407407407407,0.21052631578947367,0.11764705882352941,0.06060606060606061,0.21052631578947367,1.0,0.16666666666666666,0.26666666666666666
Mistral,0.06666666666666667,0.0,0.1111111111111111,0.0,0.0,0.05263157894736842,0.16666666666666666,1.0,0.06666666666666667
Qwen3,0.21739130434782608,0.11764705882352941,0.3333333333333333,0.07692307692307693,0.1,0.23076923076923078,0.26666666666666666,0.06666666666666667,1.0
