,ChatGPT-4o,ChatGPT-o3,Claude3.7,DeepSeek(R1),Gemini-2.5-Pro-Preview-05-06,Grok3,Llama4,Mistral,Qwen3
ChatGPT-4o,1.0,0.3333333333333333,0.2926829268292683,0.35714285714285715,0.1568627450980392,0.2571428571428571,0.125,0.23809523809523808,0.2692307692307692
ChatGPT-o3,0.3333333333333333,1.0,0.3076923076923077,0.3333333333333333,0.26666666666666666,0.3125,0.25,0.2,0.19230769230769232
Claude3.7,0.2926829268292683,0.3076923076923077,1.0,0.32432432432432434,0.22807017543859648,0.25,0.11764705882352941,0.15625,0.2571428571428571
DeepSeek(R1),0.35714285714285715,0.3333333333333333,0.32432432432432434,1.0,0.2222222222222222,0.2903225806451613,0.21052631578947367,0.29411764705882354,0.3181818181818182
Gemini-2.5-Pro-Preview-05-06,0.1568627450980392,0.26666666666666666,0.22807017543859648,0.2222222222222222,1.0,0.22,0.07317073170731707,0.10256410256410256,0.08695652173913043
Grok3,0.2571428571428571,0.3125,0.25,0.2903225806451613,0.22,1.0,0.20833333333333334,0.21739130434782608,0.20689655172413793
Llama4,0.125,0.25,0.11764705882352941,0.21052631578947367,0.07317073170731707,0.20833333333333334,1.0,0.375,0.2857142857142857
Mistral,0.23809523809523808,0.2,0.15625,0.29411764705882354,0.10256410256410256,0.21739130434782608,0.375,1.0,0.3076923076923077
Qwen3,0.2692307692307692,0.19230769230769232,0.2571428571428571,0.3181818181818182,0.08695652173913043,0.20689655172413793,0.2857142857142857,0.3076923076923077,1.0
