,ChatGPT-o3,Claude3.7,DeepSeek(R1),Llama4
ChatGPT-o3,1.0,0.0,0.0,0.0
Claude3.7,0.0,1.0,0.3333333333333333,0.3333333333333333
DeepSeek(R1),0.0,0.3333333333333333,1.0,1.0
Llama4,0.0,0.3333333333333333,1.0,1.0
