,ChatGPT-4o,ChatGPT-o3,Claude3.7,DeepSeek(R1),Gemini-2.5-Pro-Preview-05-06,Grok3,Llama4,Mistral,Qwen3
ChatGPT-4o,1.0,0.3333333333333333,0.26666666666666666,0.28,0.20689655172413793,0.2916666666666667,0.2857142857142857,0.2631578947368421,0.21212121212121213
ChatGPT-o3,0.3333333333333333,1.0,0.21212121212121213,0.21428571428571427,0.12121212121212122,0.17857142857142858,0.16,0.13043478260869565,0.23529411764705882
Claude3.7,0.26666666666666666,0.21212121212121213,1.0,0.42857142857142855,0.30303030303030304,0.25806451612903225,0.2962962962962963,0.28,0.23076923076923078
DeepSeek(R1),0.28,0.21428571428571427,0.42857142857142855,1.0,0.27586206896551724,0.13793103448275862,0.11538461538461539,0.13043478260869565,0.3125
Gemini-2.5-Pro-Preview-05-06,0.20689655172413793,0.12121212121212122,0.30303030303030304,0.27586206896551724,1.0,0.16129032258064516,0.14285714285714285,0.16,0.125
Grok3,0.2916666666666667,0.17857142857142858,0.25806451612903225,0.13793103448275862,0.16129032258064516,1.0,0.3333333333333333,0.3888888888888889,0.1388888888888889
Llama4,0.2857142857142857,0.16,0.2962962962962963,0.11538461538461539,0.14285714285714285,0.3333333333333333,1.0,0.75,0.05714285714285714
Mistral,0.2631578947368421,0.13043478260869565,0.28,0.13043478260869565,0.16,0.3888888888888889,0.75,1.0,0.0625
Qwen3,0.21212121212121213,0.23529411764705882,0.23076923076923078,0.3125,0.125,0.1388888888888889,0.05714285714285714,0.0625,1.0
