,ChatGPT-4o,ChatGPT-o3,Claude3.7,DeepSeek(R1),Gemini-2.5-Pro-Preview-05-06,Grok3,Llama4,Mistral,Qwen3
ChatGPT-4o,1.0,0.2047244094488189,0.16519174041297935,0.19313304721030042,0.16451612903225807,0.17886178861788618,0.2389937106918239,0.14492753623188406,0.23348017621145375
ChatGPT-o3,0.2047244094488189,1.0,0.1468354430379747,0.16262975778546712,0.18361581920903955,0.18771331058020477,0.12831858407079647,0.07462686567164178,0.2246376811594203
Claude3.7,0.16519174041297935,0.1468354430379747,1.0,0.1772853185595568,0.19248826291079812,0.15,0.12418300653594772,0.07394366197183098,0.18611111111111112
DeepSeek(R1),0.19313304721030042,0.16262975778546712,0.1772853185595568,1.0,0.18484848484848485,0.1347517730496454,0.15228426395939088,0.09941520467836257,0.21568627450980393
Gemini-2.5-Pro-Preview-05-06,0.16451612903225807,0.18361581920903955,0.19248826291079812,0.18484848484848485,1.0,0.1783625730994152,0.1111111111111111,0.05859375,0.17664670658682635
Grok3,0.17886178861788618,0.18771331058020477,0.15,0.1347517730496454,0.1783625730994152,1.0,0.16585365853658537,0.13636363636363635,0.21052631578947367
Llama4,0.2389937106918239,0.12831858407079647,0.12418300653594772,0.15228426395939088,0.1111111111111111,0.16585365853658537,1.0,0.27380952380952384,0.18041237113402062
Mistral,0.14492753623188406,0.07462686567164178,0.07394366197183098,0.09941520467836257,0.05859375,0.13636363636363635,0.27380952380952384,1.0,0.11764705882352941
Qwen3,0.23348017621145375,0.2246376811594203,0.18611111111111112,0.21568627450980393,0.17664670658682635,0.21052631578947367,0.18041237113402062,0.11764705882352941,1.0
