,Claude3.7,DeepSeek(R1),Gemini-2.5-Pro-Preview-05-06,Llama4,Qwen3
Claude3.7,1.0,0.1,0.1111111111111111,0.125,0.0
DeepSeek(R1),0.1,1.0,0.0,0.0,0.0
Gemini-2.5-Pro-Preview-05-06,0.1111111111111111,0.0,1.0,0.0,0.0
Llama4,0.125,0.0,0.0,1.0,0.0
Qwen3,0.0,0.0,0.0,0.0,1.0
