,Claude3.7,DeepSeek(R1),Gemini-2.5-Pro-Preview-05-06,Llama4,Qwen3
Claude3.7,1.0,0.0,0.14285714285714285,0.14285714285714285,0.0
DeepSeek(R1),0.0,1.0,0.16666666666666666,0.0,0.0
Gemini-2.5-Pro-Preview-05-06,0.14285714285714285,0.16666666666666666,1.0,0.0,0.0
Llama4,0.14285714285714285,0.0,0.0,1.0,0.5
Qwen3,0.0,0.0,0.0,0.5,1.0
