,ChatGPT-4o,ChatGPT-o3,Claude3.7,DeepSeek(R1),Gemini-2.5-Pro-Preview-05-06,Grok3,Llama4,Mistral,Qwen3
ChatGPT-4o,1.0,0.13333333333333333,0.058823529411764705,0.0,0.18181818181818182,0.125,0.09090909090909091,0.1111111111111111,0.21428571428571427
ChatGPT-o3,0.13333333333333333,1.0,0.0,0.0,0.0,0.0625,0.1,0.0,0.06666666666666667
Claude3.7,0.058823529411764705,0.0,1.0,0.07692307692307693,0.08333333333333333,0.058823529411764705,0.09090909090909091,0.0,0.0
DeepSeek(R1),0.0,0.0,0.07692307692307693,1.0,0.0,0.0,0.14285714285714285,0.0,0.0
Gemini-2.5-Pro-Preview-05-06,0.18181818181818182,0.0,0.08333333333333333,0.0,1.0,0.0,0.0,0.0,0.09090909090909091
Grok3,0.125,0.0625,0.058823529411764705,0.0,0.0,1.0,0.09090909090909091,0.1111111111111111,0.21428571428571427
Llama4,0.09090909090909091,0.1,0.09090909090909091,0.14285714285714285,0.0,0.09090909090909091,1.0,0.3333333333333333,0.1
Mistral,0.1111111111111111,0.0,0.0,0.0,0.0,0.1111111111111111,0.3333333333333333,1.0,0.125
Qwen3,0.21428571428571427,0.06666666666666667,0.0,0.0,0.09090909090909091,0.21428571428571427,0.1,0.125,1.0
