,ChatGPT-4o,ChatGPT-o3,Claude3.7,DeepSeek(R1),Gemini-2.5-Pro-Preview-05-06,Grok3,Llama4,Mistral,Qwen3
ChatGPT-4o,1.0,0.17647058823529413,0.05555555555555555,0.0,0.06666666666666667,0.13333333333333333,0.1,0.1111111111111111,0.14285714285714285
ChatGPT-o3,0.17647058823529413,1.0,0.0,0.0,0.058823529411764705,0.11764705882352941,0.18181818181818182,0.09090909090909091,0.058823529411764705
Claude3.7,0.05555555555555555,0.0,1.0,0.07692307692307693,0.13333333333333333,0.058823529411764705,0.0,0.0,0.0
DeepSeek(R1),0.0,0.0,0.07692307692307693,1.0,0.0,0.0,0.0,0.0,0.0
Gemini-2.5-Pro-Preview-05-06,0.06666666666666667,0.058823529411764705,0.13333333333333333,0.0,1.0,0.0,0.125,0.0,0.0
Grok3,0.13333333333333333,0.11764705882352941,0.058823529411764705,0.0,0.0,1.0,0.1111111111111111,0.125,0.07142857142857142
Llama4,0.1,0.18181818181818182,0.0,0.0,0.125,0.1111111111111111,1.0,0.5,0.125
Mistral,0.1111111111111111,0.09090909090909091,0.0,0.0,0.0,0.125,0.5,1.0,0.14285714285714285
Qwen3,0.14285714285714285,0.058823529411764705,0.0,0.0,0.0,0.07142857142857142,0.125,0.14285714285714285,1.0
