,ChatGPT-4o,ChatGPT-o3,Claude3.7,DeepSeek(R1),Gemini-2.5-Pro-Preview-05-06,Grok3,Llama4,Mistral,Qwen3
ChatGPT-4o,1.0,0.14285714285714285,0.17647058823529413,0.16666666666666666,0.1,0.08333333333333333,0.375,0.16666666666666666,0.15789473684210525
ChatGPT-o3,0.14285714285714285,1.0,0.1724137931034483,0.16666666666666666,0.14634146341463414,0.1111111111111111,0.13636363636363635,0.05,0.16129032258064516
Claude3.7,0.17647058823529413,0.1724137931034483,1.0,0.10714285714285714,0.19444444444444445,0.16129032258064516,0.10526315789473684,0.0625,0.14285714285714285
DeepSeek(R1),0.16666666666666666,0.16666666666666666,0.10714285714285714,1.0,0.15789473684210525,0.08823529411764706,0.15789473684210525,0.0,0.17857142857142858
Gemini-2.5-Pro-Preview-05-06,0.1,0.14634146341463414,0.19444444444444445,0.15789473684210525,1.0,0.32432432432432434,0.0967741935483871,0.07142857142857142,0.15384615384615385
Grok3,0.08333333333333333,0.1111111111111111,0.16129032258064516,0.08823529411764706,0.32432432432432434,1.0,0.08,0.09523809523809523,0.11764705882352941
Llama4,0.375,0.13636363636363635,0.10526315789473684,0.15789473684210525,0.0967741935483871,0.08,1.0,0.14285714285714285,0.21052631578947367
Mistral,0.16666666666666666,0.05,0.0625,0.0,0.07142857142857142,0.09523809523809523,0.14285714285714285,1.0,0.05555555555555555
Qwen3,0.15789473684210525,0.16129032258064516,0.14285714285714285,0.17857142857142858,0.15384615384615385,0.11764705882352941,0.21052631578947367,0.05555555555555555,1.0
