,ChatGPT-4o,ChatGPT-o3,Claude3.7,DeepSeek(R1),Gemini-2.5-Pro-Preview-05-06,Grok3,Llama4,Mistral,Qwen3
ChatGPT-4o,1.0,0.2727272727272727,0.25,0.2857142857142857,0.17142857142857143,0.17391304347826086,0.5454545454545454,0.18181818181818182,0.32
ChatGPT-o3,0.2727272727272727,1.0,0.2777777777777778,0.2692307692307692,0.23684210526315788,0.17857142857142858,0.21052631578947367,0.11764705882352941,0.18181818181818182
Claude3.7,0.25,0.2777777777777778,1.0,0.15384615384615385,0.22916666666666666,0.18421052631578946,0.16666666666666666,0.06896551724137931,0.3076923076923077
DeepSeek(R1),0.2857142857142857,0.2692307692307692,0.15384615384615385,1.0,0.15,0.14285714285714285,0.29411764705882354,0.125,0.1875
Gemini-2.5-Pro-Preview-05-06,0.17142857142857143,0.23684210526315788,0.22916666666666666,0.15,1.0,0.15,0.16129032258064516,0.03225806451612903,0.20930232558139536
Grok3,0.17391304347826086,0.17857142857142858,0.18421052631578946,0.14285714285714285,0.15,1.0,0.15789473684210525,0.058823529411764705,0.26666666666666666
Llama4,0.5454545454545454,0.21052631578947367,0.16666666666666666,0.29411764705882354,0.16129032258064516,0.15789473684210525,1.0,0.3333333333333333,0.21739130434782608
Mistral,0.18181818181818182,0.11764705882352941,0.06896551724137931,0.125,0.03225806451612903,0.058823529411764705,0.3333333333333333,1.0,0.09090909090909091
Qwen3,0.32,0.18181818181818182,0.3076923076923077,0.1875,0.20930232558139536,0.26666666666666666,0.21739130434782608,0.09090909090909091,1.0
